[
  {
    "name": "anshuman",
    "age": "20",
    "email": "anshuman.be23@chitkara.edu.in",
    "phone": "7009567878",
    "gender": "male",
    "occupation": "backend developer",
    "country": "india",
    "state": "punjab",
    "city": "pathankot",
    "date": "2023-02-03",
    "friendliness": "4",
    "value": "9",
    "recommend": "8",
    "contact": "email",
    "reuse": "yes",
    "source": "social",
    "problems": "yes",
    "textarea": "everything was superb"
  },
  {
    "name": "aditya",
    "age": "20",
    "email": "aditya.be23@chitkara.edu.in",
    "phone": "7009567796",
    "gender": "male",
    "occupation": "frontend developer",
    "country": "india",
    "state": "haryana",
    "city": "faridabad",
    "date": "2023-02-25",
    "friendliness": "3",
    "value": "10",
    "recommend": "7",
    "contact": "email",
    "reuse": "yes",
    "source": "social",
    "problems": "yes",
    "textarea": "all good"
  },
  {
    "name": "aditya",
    "age": "20",
    "email": "aditya.be23@chitkara.edu.in",
    "phone": "7009567796",
    "gender": "male",
    "occupation": "frontend developer",
    "country": "india",
    "state": "haryana",
    "city": "faridabad",
    "date": "2023-02-25",
    "friendliness": "3",
    "value": "10",
    "recommend": "7",
    "contact": "email",
    "reuse": "yes",
    "source": "social",
    "problems": "yes",
    "textarea": "all good"
  }
]